ward_id,zip
1,M1B
1,M1C
2,M1E
3,M1P
3,M1P
3,M1P
3,M1T
3,M1T
3,M1V
3,M2J
3,M2J
3,M2J
3,M2K
3,M2K
3,M2M
3,M2M
4,M2N
4,M2N
4,M2N
4,M2P
4,M2R
5,M3B
6,M3C
6,M3C
6,M3H
7,M3J
7,M3J
7,M3J
8,M4C
8,M4E
8,M4E
8,M4E
8,M4E
8,M4G
8,M4G
8,M4G
8,M4G
8,M4J
9,M4K
9,M4K
10,M4L
10,M4L
10,M4N
10,M4N
10,M4P
10,M4P
10,M4P
10,M4P
10,M4P
10,M4S
10,M4S
10,M4S
10,M4T
10,M4V
10,M4V
10,M4W
10,M4W
10,M4W
10,M4W
10,M4W
10,M4W
10,M4W
10,M4X
11,M4Y
11,M4Y
11,M4Y
11,M4Y
11,M4Y
11,M4Y
11,M4Y
11,M5A
11,M5B
11,M5B
11,M5B
11,M5B
11,M5B
11,M5B
11,M5B
11,M5B
11,M5B
11,M5C
11,M5C
11,M5C
11,M5C
11,M5E
11,M5E
11,M5E
11,M5E
11,M5G
11,M5G
11,M5G
11,M5G
11,M5G
11,M5G
11,M5G
11,M5G
11,M5G
12,M5H
12,M5H
12,M5H
12,M5H
12,M5H
12,M5H
12,M5J
12,M5J
12,M5J
12,M5J
12,M5J
12,M5J
12,M5J
12,M5J
12,M5J
12,M5J
12,M5J
12,M5J
12,M5J
12,M5J
12,M5J
12,M5K
12,M5M
12,M5M
12,M5N
12,M5P
13,M5R
13,M5R
13,M5S
13,M5S
13,M5S
13,M5S
13,M5S
13,M5T
13,M5V
13,M5V
13,M5V
13,M5V
13,M5V
13,M5V
13,M5V
13,M5V
13,M5V
13,M5V
13,M5V
13,M5V
13,M5V
13,M5V
13,M5V
13,M5V
13,M5V
13,M5V
13,M5X
13,M5X
14,M6A
14,M6A
14,M6A
14,M6A
14,M6B
14,M6C
14,M6C
14,M6C
15,M6H
15,M6H
15,M6J
16,M6K
16,M6K
16,M6K
16,M6N
17,M6P
17,M6R
18,M6S
18,M6S
18,M7A
19,M8W
19,M8X
19,M8X
19,M8Y
21,M8Z
21,M8Z
22,M9B
22,M9B
22,M9C
22,M9C
24,M9P
25,M9V
25,M9W
25,M9W